"Reporting starts","Reporting ends","Ad name","Ad delivery","Attribution setting",Results,"Result indicator",Reach,Frequency,"Cost per results","Ad set budget","Ad set budget type","Amount spent (USD)",Ends,"Quality ranking","Engagement rate ranking","Conversion rate ranking",Impressions,"CPM (cost per 1,000 impressions) (USD)","Link clicks",shop_clicks,"CPC (cost per link click) (USD)","CTR (link click-through rate)","Clicks (all)","CTR (all)","CPC (all) (USD)","Landing page views","Cost per landing page view (USD)","Ad ID"
2026-06-15,2026-07-14,"ads 2",active,"7-day click, 1-day view or 1-day engaged view",1,actions:offsite_conversion.fb_pixel_purchase,143,1.230769,2.9,"Using campaign budget",0,2.9,Ongoing,-,-,-,176,16.477273,15,,0.193333,8.522727,62,35.227273,0.046774,10,0.29,120245941555910438
2026-06-15,2026-07-14,"ads 4",active,"7-day click, 1-day view or 1-day engaged view",3,actions:offsite_conversion.fb_pixel_purchase,531,1.116761,3.10333333,"Using campaign budget",0,9.31,Ongoing,-,-,-,593,15.699831,47,,0.198085,7.925801,228,38.448567,0.040833,30,0.310333,120245941555920438
2026-06-15,2026-07-14,"ads 5",active,"7-day click, 1-day view or 1-day engaged view",5,actions:offsite_conversion.fb_pixel_purchase,901,1.073252,3.02,"Using campaign budget",0,15.1,Ongoing,-,-,-,967,15.615305,99,,0.152525,10.237849,412,42.605998,0.03665,,,120245941576370438
2026-06-15,2026-07-14,"ads 6",active,"7-day click, 1-day view or 1-day engaged view",,,77,1.038961,,"Using campaign budget",0,1.58,Ongoing,-,-,-,80,19.75,6,,0.263333,7.5,31,38.75,0.050968,2,0.79,120245941576380438
2026-06-15,2026-07-14,"ads 2",active,"7-day click, 1-day view or 1-day engaged view",,,30,1.1,,"Using campaign budget",0,0.33,Ongoing,-,-,-,33,10,1,,0.33,3.030303,4,12.121212,0.0825,1,0.33,120245941749010438
2026-06-15,2026-07-14,"ads 3",active,"7-day click, 1-day view or 1-day engaged view",,,156,1.057692,,"Using campaign budget",0,2.04,Ongoing,-,-,-,165,12.363636,5,,0.408,3.030303,59,35.757576,0.034576,4,0.51,120245941749020438
2026-06-15,2026-07-14,"ads 4",active,"7-day click, 1-day view or 1-day engaged view",,,138,1.043478,,"Using campaign budget",0,1.41,Ongoing,-,-,-,144,9.791667,4,,0.3525,2.777778,51,35.416667,0.027647,1,1.41,120245941749030438
2026-06-15,2026-07-14,"ads 1",active,"7-day click, 1-day view or 1-day engaged view",,,302,1.334437,,"Using campaign budget",0,6.14,Ongoing,-,-,-,403,15.235732,46,,0.133478,11.414392,66,16.377171,0.09303,35,0.175429,120245941892140438
2026-06-15,2026-07-14,"ads 1",active,"7-day click, 1-day view or 1-day engaged view",13,actions:offsite_conversion.fb_pixel_purchase,2567,1.273081,5.09769231,"Using campaign budget",0,66.27,Ongoing,"Below average – bottom 20% of ads","Above average","Above average",3268,20.278458,305,,0.217279,9.332925,597,18.268054,0.111005,177,0.374407,120245942039920438
2026-06-15,2026-07-14,"ads 4",active,"7-day click, 1-day view or 1-day engaged view",31,actions:offsite_conversion.fb_pixel_purchase,4662,1.915272,5.67870968,"Using campaign budget",0,176.04,Ongoing,"Below average – bottom 20% of ads","Above average","Above average",8929,19.715534,925,,0.190314,10.359503,1617,18.109531,0.108868,638,0.275925,120245942057210438
2026-06-15,2026-07-14,"ads 3",active,"7-day click, 1-day view or 1-day engaged view",5,actions:offsite_conversion.fb_pixel_purchase,969,1.563467,4.816,"Using campaign budget",0,24.08,Ongoing,-,-,-,1515,15.894389,162,,0.148642,10.693069,219,14.455446,0.109954,81,0.297284,120245942057220438
2026-06-15,2026-07-14,"ads 2",active,"7-day click, 1-day view or 1-day engaged view",,,55,1.2,,"Using campaign budget",0,1.03,Ongoing,-,-,-,66,15.606061,2,,0.515,3.030303,6,9.090909,0.171667,2,0.515,120245942057230438
2026-06-15,2026-07-14,"ads 1",active,"7-day click, 1-day view or 1-day engaged view",33,actions:offsite_conversion.fb_pixel_purchase,16354,1.214015,8.38818182,"Using campaign budget",0,276.81,Ongoing,"Below average – bottom 35% of ads","Above average","Above average",19854,13.942279,961,,0.288044,4.840334,8685,43.744334,0.031872,800,0.346013,120245941077800438
2026-06-15,2026-07-14,"ads 4",active,"7-day click, 1-day view or 1-day engaged view",,,42,1.047619,,"Using campaign budget",0,0.67,Ongoing,-,-,-,44,15.227273,2,,0.335,4.545455,13,29.545455,0.051538,,,120245941098780438
2026-06-15,2026-07-14,"ads 3",active,"7-day click, 1-day view or 1-day engaged view",2,actions:offsite_conversion.fb_pixel_purchase,522,1,4.055,"Using campaign budget",0,8.11,Ongoing,-,-,-,522,15.536398,26,,0.311923,4.980843,164,31.417625,0.049451,19,0.426842,120245941098790438
2026-06-15,2026-07-14,"ads 2",active,"7-day click, 1-day view or 1-day engaged view",98,actions:offsite_conversion.fb_pixel_purchase,29344,1.389415,8.09204082,"Using campaign budget",0,793.02,Ongoing,"Below average – bottom 35% of ads","Above average","Above average",40771,19.45059,3423,,0.231674,8.395673,19727,48.384881,0.0402,1397,0.567659,120245941098800438
2026-06-15,2026-07-14,"ads 1",active,"7-day click, 1-day view or 1-day engaged view",1,actions:offsite_conversion.fb_pixel_purchase,1161,1.172265,20.92,"Using campaign budget",0,20.92,Ongoing,Average,"Above average","Above average",1361,15.371051,105,,0.199238,7.714916,531,39.01543,0.039397,,,120245941265620438
2026-06-15,2026-07-14,"ads 1",active,"7-day click, 1-day view or 1-day engaged view",94,actions:offsite_conversion.fb_pixel_purchase,20554,1.322711,6.13606383,"Using campaign budget",0,576.79,Ongoing,"Below average – bottom 35% of ads","Above average","Above average",27187,21.215655,3146,,0.183341,11.571707,13786,50.708059,0.041839,231,2.496926,120245941265630438
2026-06-15,2026-07-14,"ads 1",active,"7-day click, 1-day view or 1-day engaged view",7,actions:offsite_conversion.fb_pixel_purchase,2877,1.155718,7.92857143,"Using campaign budget",0,55.5,Ongoing,-,-,-,3325,16.691729,184,,0.30163,5.533835,1677,50.43609,0.033095,137,0.405109,120245941265640438
2026-06-15,2026-07-14,"ads 2",active,"7-day click, 1-day view or 1-day engaged view",21,actions:offsite_conversion.fb_pixel_purchase,8763,1.222869,9.80047619,"Using campaign budget",0,205.81,Ongoing,-,-,-,10716,19.20586,1118,,0.184088,10.432997,6010,56.08436,0.034245,13,15.831538,120245941312450438
2026-06-15,2026-07-14,"ads 3",active,"7-day click, 1-day view or 1-day engaged view",7,actions:offsite_conversion.fb_pixel_purchase,507,1.21499,1.73428571,"Using campaign budget",0,12.14,Ongoing,-,-,-,616,19.707792,48,,0.252917,7.792208,259,42.045455,0.046873,33,0.367879,120245941312460438
2026-06-15,2026-07-14,"ads 4",active,"7-day click, 1-day view or 1-day engaged view",2,actions:offsite_conversion.fb_pixel_purchase,1059,1.299339,10.805,"Using campaign budget",0,21.61,Ongoing,-,-,-,1376,15.704942,74,,0.292027,5.377907,438,31.831395,0.049338,6,3.601667,120245941312470438
2026-06-15,2026-07-14,"ads 5",active,"7-day click, 1-day view or 1-day engaged view",4,actions:offsite_conversion.fb_pixel_purchase,1033,1.226525,5.56,"Using campaign budget",0,22.24,Ongoing,-,-,-,1267,17.553275,58,,0.383448,4.577743,523,41.278611,0.042524,34,0.654118,120245941445010438
2026-06-15,2026-07-14,"ads 3",active,"7-day click, 1-day view or 1-day engaged view",32,actions:offsite_conversion.fb_pixel_purchase,9506,1.129813,5.3375,"Using campaign budget",0,170.8,Ongoing,-,-,-,10740,15.903166,1015,,0.168276,9.450652,4986,46.424581,0.034256,729,0.234294,120245941555900438
